name,phone,address,website,rating,user_ratings_total
"Ezogelin Gayrimenkul A.Ş","444 6 127","Osmangazi, Ahmet Şireci Blv No: 2/B, Şehitkamil","https://www.ezogelinemlak.com/",4.9,215
"ERGÖK GAYRİMENKUL","0532 151 67 98","Karataş, Şht. Binbaşı Arslan Kulaksız Blv No:18, Şahinbey","http://ergokgayrimenkul.sahibinden.com/",5,84
"Ezogelin Gayrimenkul Akkent Şube","444 4 396","Akkent, 400. Cd. gunsev 1 sitesi B blok no:29, Şahinbey","https://www.ezogelingayrimenkulakkent.com/",4.9,314
"United Realtors Inc.","(0342) 320 06 66","Batıkent Mah 15 Nolu Sokak, Kürşat Tüzmen Blv. No: 2/A, Şehitkamil","https://birlesmisemlakcilargaziantep.sahibinden.com/",3.9,31
"ÇAKICI EMLAK & Danışmanlık ( Güvenin Adresi)","0543 645 34 10","ÇAKICI Emlak Danışmanlık, Değirmiçem, Ömer Köylüoğlu Cd. No:21/A, Şehitkamil","http://www.cakiciemlakofisi.com.tr/",5,12
"Duru Emlak ( Nadir Duru )","(0342) 321 24 84","Pancarlı, Gazi Ali Düşün Cd. No:21/A, Şehitkamil","http://duruemlak27.sahibinden.com/",4.8,16
"KUZEY EMLAK GAZİANTEP","0505 561 60 16","Kavaklık, Kavaklık Cd. ÖZKAN APARTMANI NO:2/A, Şahinbey","",4.7,34
"KAHRIMAN EMLAK OFİSİ","(0342) 339 29 29","Öğretmenevleri, Kahramanlar Sk. 13A, Şahinbey","",4.8,21
"GAZİANTEP DURU EMLAK","0532 582 89 23","BATIKENT MAH 09071 NOLU CAD NO 38 YÜKSEK BİNA CERGİBOZANLAR MARKET İLE ALTIN, Şehitkamil","",4.8,6
"Gaziantep Emlak - Serkan Özalkan Gayrimenkul","(0342) 341 52 52","Batıkent, Adnan İnanıcı Cd. No: 7/A, Şehitkamil","",5,7
"GİZA EMLAK VE İNŞAAT","0539 797 25 95","Bülbülzade, Yeşilvadi Blv No:105 D:J, Şahinbey","https://gizaemlak.sahibinden.com/",4.7,50
"AĞA ÇELİK EMLAK OFİSİ","0555 262 26 12","Konak, trafik denetleme şube karşısı, Şahinbey","",5,1
"Serkan Güçlüsoy Gayrimenkul","(0342) 322 27 20","Atatürk Vali Süleyman Kamçı Caddesi. Erdem Apt. altı, Şehitkamil","https://www.serkanguclusoy.com/",4.8,114
"Hekimoglu Emlak","(0342) 220 98 45","Alleben, Karacaoğlan Cd. No:9, Şahinbey","http://www.hekimogluemlak.net/",4.1,32
"Ergünşah Emlak Ofisi","0546 812 51 08","özel uygar dershanesi çaprazı","",5,2
"Efekan Emlak","0507 972 23 66","Akkent, 134002 nolu cadde no 1/ED, Şahinbey","https://efekanemlak.sahibinden.com/",5,7
"HEDEF 27 EMLAK","0543 543 81 71","Güneykent, Şahinbey","",4.3,21
"BOZGEYİK EMLAK","0545 545 92 96","Akkent Mh. Şehit Binbaşı Arslan Kulaksız Blv. OSKA Gül Sitesi A Blok No: 76/AC, Şahinbey","",4.8,4
"Özşahin Emlak Müşavirliği","(0342) 336 30 60","Kavaklık, Memik Elbistanlı Sk. No:8 D:A, Şahinbey","https://ozsahinemlakgaziantep.sahibinden.com/",4.5,21
"Muhtar Emlak","","Pancarlı, 22024. Sk., Şehitkamil","",5,1
"Gülenler Emlak","(0342) 339 03 03","Öğretmenevleri, Günaydın Sk. No:13, Şahinbey","",4.3,6
"AK EMLAK MÜŞAVİRLİĞİ","0533 235 23 44","23 Nisan, Üniversite Blv. 214/B, Şahinbey","",5,1
"Deha Emlak","(0342) 338 60 10","Gaziantep 15 temmuz Mah, 15 Temmuz, Abdulkadir Aksu Blv. No:128, Şehitkamil","",4,25
"Emre Emlak","0530 202 71 72","Sarıgüllük, Arıllı Mehmet Ali Çavuş Cd. no:28/D, Şehitkamil","https://emreemlak27.sahibinden.com/",4.4,5
"BÜKLER EMLAK OFİSİ","(0342) 344 86 35","Osmangazi, Ahmet Şireci Blv NO:20/H, Şehitkamil","",4,4
"Işıklar Emlak","(0342) 339 60 23","Binevler, Üniversite Blv. No:142 D:B, Şahinbey","",5,6
"Emir EMLAK VE GAYRİMENKUL DANIŞMALIĞI","0534 938 10 60","Mimar Sinan, Şahinbey","https://www.facebook.com/emir.mikail27?mibextid=ZbWKwL",5,15
"Duru Emlak","(0342) 341 35 00","Atatürk, Hasan Celal Güzel Cd., Şehitkamil","https://duruemlak.sahibinden.com/",4.1,16
"Vizyon Gayrimenkul","","Ertuğrulgazi, Şahinbey","",4.4,25
"AKBULUT EMLAK OFİSİ","0532 598 73 56","Karataş, 103404 Nolu Cad. Günko SİTESİ B/BLOK altı no 5, Şahinbey","",4.2,5
"Kurtulus emlak","0505 253 35 80","Yeditepe, 85203 Nolu Sk No:3, Şahinbey","https://www.emlakbuluyoruz.com/kurtulus-emlak",4.7,6
"Yuvam Emlak","","Mahallesi, 23 Nisan, Yavuz Sultan Selim Cd. No:179, Şahinbey","",5,3
"Sever Emlak Bürosu","0537 403 53 77","Bülbülzade, Su Yolu Cd. 84 C, Şahinbey","http://severemlak.sahibinden.com/",5,1
"EMLAK DİYARI/GAZİANTEP","0531 790 14 27","Ertuğrulgazi, Su Yolu Cd. 193C, Şahinbey","http://emlakdiyarigaziantepsahibinden.com/",5,4
"PRESTIJ EMLAK","0541 764 26 56","Kavaklık, Mehmetçik Sk. No:36, Şahinbey","",4.2,6
"3 Bay Gayrimenkul","(0342) 341 66 66","15 Temmuz Mah. Alparslan Türkeş Cad. No:112E, Şehitkamil","http://emlak.3bay.com.tr/",4.7,146
"Exper Emlak","(0342) 341 43 34","Batıkent Mahallesi Ali İhsan Göğüş Caddesi Senayıldız Apartmanı No:115, Şehitkamil","",4.5,4
"Tarih Emlak Gayrimenkul ve İnşaat","(0342) 503 07 30","75. Yıl, Şahinbey","",4.2,13
"Gürkan Gayrimenkul ve İnşaat","0532 491 18 03","Konak Şehit Polis Üstğm. Mehmet Karakuzulu Caddesi no:19/b, Konak, Şht. Polis Üstğm. Mehmet Karakuzulu Cd. no 19, Şahinbey","",4.6,16
"Ezgi Emlak","0532 599 93 42","23 Nisan, Üniversite Blv. No:229/C, Şahinbey","https://ezgiemlakgaziantep.sahibinden.com/",4.2,5
"Ugur Emlak Ofisi","(0342) 336 54 62","Sarıgüllük, Ömer Asım Aksoy Cd. 13/B, Şahinbey","",5,1
"Tatar Emlak","0544 621 32 82","Şenyurt, Yasaklı Sk. no 39/a, Şahinbey","",5,3
"Hizmet Emlak","0554 804 69 61","Erdoğan apartmanı, Pancarlı, 58101 nolu sok altı no :7/B, Şehitkamil","",4.7,18
"Çalışkan Emlak Müşavirliği","0530 159 99 24","GAZİ MAHALLESİ ALİ NADİ ÜNLER BULVARI İREM APT. ALTI NO:39/B, Şehitkamil","",4,2
"BUMERANG EMLAK","0532 503 49 22","Akkent Mahhalesi 400 No'lu Cadde No:69, D:E, Şahinbey","https://bumerangemlak.sahibinden.com/",4.1,23
"AKBULUT EMLAK OFİSİ","","Karataş, 103404 Nolu Cad. 6 B, Şahinbey","",5,1
"Ozmekan Emlak Burosu","(0342) 360 47 77","60. Yıl, Yavuz Sultan Selim Cd. No:140/B, Şehitkamil","",5,2
"Öztürk Emlak Ofisi","0535 200 51 61","Fidanlık Abdulkadir Aksu Bulvarı No: 33/ B ,Binevler, Şahinbey, Fidanlık, Abdulkadir Aksu Blv. No:33/B, Şahinbey","http://www.ozturkemlak.com.tr/",4.4,16
"HANELER EMLAK","0538 458 11 08","Karataş, 103404 Nolu Cad. No:26, Şahinbey","",4.4,5
"YILGIN EMLAK","","Deniz, Yavuz Sultan Selim Cd., Şahinbey","",3,2
"Göksan Gayrimenkul","0507 403 82 52","Gazi mahallesi battal bey caddesi 24010, nolu sokak, Şehitkamil","",5,6
"Uğurlu Emlak","0535 074 93 77","Yeditepe, 205 nolu sokak no 101, Şahinbey","https://ugurluemlak27.sahibinden.com/",4.6,16
"Ayasofya Emlak","0505 128 89 99","23 Nisan, 82068. Sk. 3C, Şahinbey","",3.9,7
"Uga Emlak & Danışmanlık","(0342) 344 93 13","75. Yıl, Yeşilvadi Blv No:348 D:A, Şahinbey","https://ugaemlak.sahibinden.com/",5,7
"Ideal Emlak","","Yeditepe, Şahinbey","",4.5,14
"ÖZBAĞLARBAŞI EMLAK MÜŞAVİRLĞİ","0544 593 93 43","AKKENT MAH 13024 NOLU CADDE GÜNSEV 1 SİTESİ C BLOK NO 1/C/G AKKENT MAH 13024 NOLU CADDE GÜNSEV 1 SİTESİ C BLOK NO 1/C/G AKKENT MAH 13024 NOLU CADDE GÜNSEV 1 SİTESİ C BLOK NO 1/C, D:G, Şahinbey","",5,2
"Emek Emlak","(0342) 322 37 77",":, Pancarlı, Süheyla Tahaoğlu Sk. No:24/A, Şehitkamil","http://www.emekemlakgaziantep.com/",4.8,26
"Sarıgelin Gayrimenkul","444 2 790","Binevler, Şht. Emre Bakırcı Cd. No:33, Şahinbey","http://www.sarigelingayrimenkul.com.tr/",3.8,191
"Ihlas Emlak Ofisi","","Batıkent, 9074. Cd. No:14, Şehitkamil","",5,1
"EVKUR EMLAK İBRAHİMLİ","(0342) 341 50 50","İbrahimli, Atatürk, Hasan Celal Güzel Cd. no : 85/B, Şehitkamil","",4.8,5
"SERVET Gayrimenkul - Gaziantep Emlakçı","0533 235 23 96","Belkız, 8019. Cd. No:19/D, Şehitkamil","https://servetgayrimenkulgaziantep.sahibinden.com/",5,12
"ÖZKINACI EMLAK OFİSİ","0541 631 29 84","belkıs mh, ahmet zilan bulv no:45/AC, Şehitkamil","",5,1
"Nisa Emlak ofisi","0536 204 89 45","8 Şubat, Nolu Caddesi No:47, Şehitkamil","",5,1
"Gültaç Emlak & Gayrimenkul","0532 466 79 18","Seyrantepe, 65045. Sk., Şehitkamil","",5,61
"Erkal Emlak Müşavirliği","","doğan parkı, Pancarlı, karşısı B (celal, Şehitkamil","",5,1
"SEYRANTEPE MERKEZ EMLAK GAYRİMENKUL","0542 238 28 54","BELKIZ MAH. ARABAN YOLU SOKAK NO:38 GAZİKENT, Şehitkamil","",5,1
"SARAY GAYRİMENKUL / RENT A CAR","(0342) 325 58 64","Belkız, 08015 nolu Cad No:96, Şehitkamil","http://www.sarayemlakgaziantep.com/",5,64
"Yilmaz Emlak","0542 285 22 27","Belkız, Ahmet Ziylan bulvar no 26 A, Şehitkamil","",5,1
"ROYALEST FISTIKLIK ŞUBE","0850 550 3550","Karacaahmet, 38025. Cd. No:20, Şehitkamil","",4.8,248
"CAN ÇELEBİ GAYRİMENKUL","0505 999 88 27","Öğretmenevleri, Ahmet Turan Ertuğ Cd. No:6 D:A, Şahinbey","",5,7
"Güven emlak","0541 206 33 99","Karacaahmet mahallesi 8 nolu cadde no b/2 evva inşaat altı beylerbeyi basra, Şehitkamil","",5,1
"Park emlak","0507 993 25 84","Gazikent, Şehitkamil","",5,1
"ÖZGÜR EMLAK","0535 268 31 39","Belkız, 8026. Cd. No:2, Şehitkamil","http://ozguremlakgaziantep.com/",4.8,10
"Birtek emlak","0553 608 88 15","Fıstıklık, 152070 NOLU CADDE 29 A, Şehitkamil","http://www.birtekemlak.net/",4.4,19
"Ikiztaş Emlak Ofisi","","Karşıyaka, Şehitkamil","",5,2
"Seyrantepe Emlak","","Merveşehir, 49021. Cd., Şehitkamil","",5,2
"BUHARA GAYRİMENKUL EMLAK OFİSİ","0506 851 59 91","KARACAAHMET MAHALLESİ SAİP KONUKOĞLU BULVARI CEYLAN CİTY APT. ALTI B-BLOK NO:2, Şehitkamil","",4.5,4
"Tirol Emlak","0532 677 49 67","Pirsultan, 82079. Cd., Şehitkamil","",5,1
"Termal Emlak","0536 317 17 11","Konak, Üniversite Blv. No:143, Şahinbey","",5,5
"TALHA EMLAK","","Şirinevler, Havaalanıyolu Cd., Şahinbey","https://talhaemlak.sahibinden.com/",5,1
"TUTAK GAYRİMENKUL BEYLERBEYİ","0554 669 46 04","Karacaahmet, m.sait konukoglu bulvarı B blok sit no:24/A, Şehitkamil","",5,10
"2M YAPI GAYRİMENKUL","0850 225 8900","2M YAPI GAYRİMENKUL, Fıstıklık, 152060 sokak no32/A, Şehitkamil","",4.3,12
"Ülker Emlak Gayrimenkul","0532 713 33 32","Ülker Emlak Gayrimenkul, Seyrantepe, Maaşkuyu Cd. Serdar apt No 317/A, Şehitkamil","",4.6,52
"G.Z.T FUAR EMLAK","0533 273 26 46","Merveşehir, MERİNOS ARKASI, Şehitkamil","",4.5,2
"Alpak Gayrimenkul ve Danışmanlık","0533 571 35 16","Değirmiçem, Ömer Köylüoğlu Cd. No:10, Şehitkamil","https://alpakgayrimenkul.sahibinden.com/",5,1
"MORCA GAYRİMENKUL","(0342) 215 12 26","Pancarlı, Milli Egemenlik Cd. No:2, Sammezreası/Şehitkamil","",3,24
"TUTAK GAYRİMENKUL","0554 669 46 04","Karacaahmet, m.sait konukoglu bulvarı B blok sit no:24/A, Şehitkamil","",4.8,38
"TREND GAYRİMENKUL","(0342) 999 75 07","Pancarlı, Cemil Alevli Cd. No:47, Şehitkamil","",5,3
"Sururoğlu Emlak & İnşaat Gayrimenkul","(0342) 241 56 66","Belkız, 08026 nolu cadde No:6/A, Şehitkamil","",4.9,11
"GÜL EMLAK OFİSİ","0542 218 12 54","Şirinevler, 69019. Sk. No:2, Şehitkamil","http://www.ticaretmeclisi.com/",3.8,17
"Zeugma Park Gayrimenkul","0543 791 27 27","Değirmiçem, Göğüş Cd. no27 A, Şehitkamil","",5,8
"bozova emlak & inssat","0538 777 67 38","Karacaahmet 38020, Karacaahmet, Nolu Cd no :94, Şehitkamil","https://bozovaemlak.sahibinden.com/",3.9,39
"ALTUĞ 27 GAYRİMENKUL","0531 353 90 12","Atatürk, Şehitkamil","https://altug27gayrimenkulgaziantep.sahibinden.com/",3,4
"ZİRVE EMLAK","0532 598 93 43","Belkız, 8019. Cd. No:59, Şehitkamil","",3,2
"Mühür Emlak","","Batıkent, Adnan İnanıcı Cd., Şehitkamil","",5,1
"Şahin Emlak","0536 848 69 48","mahellesi, 29 Ekim, Maaşkuyu Cd. 98/a, Şehitkamil","",5,1
"GÜRSU PROPERTY","0532 260 72 33","Gürsu, Oğuzeli Yolu No:145 /A, Oğuzeli","",4.9,250
"Oğuzeli Emlak ve Gayrimenkul","","Oğuzlar, Mevlana Sk. No:4, Oğuzeli","",5,1
"OĞUZELİ EROL EMLAK GAYRİMENKUL DANIŞMANLIĞI","0535 635 04 75","Subaşı mahallesi, Mustafa Kemal, Atatürk Cd. No:40/A, Oğuzeli","",5,2
"Oğuzeli Nova Gayrimenkul Otomotiv","0532 646 48 85","Subaşı, Alparslan Türkeş Blv No:34/E, Oğuzeli","",5,1
"ELİT YATIRIM","0552 950 19 87","Oğuzeli Belediyesi Civarı, Oğuzlar, Kaçkar Sokak No:11, Oğuzeli","",5,1
"ADİL EMLAK & GAYRİMENKUL","","vilayet caddesi, Oğuzlar, emniyet sokak, Oğuzeli","https://adilozmaya.wixsite.com/adilemlak",5,3
"UĞUR GAYRİMENKUL OĞUZELİ","0544 290 74 72","Kurtuluş, barak cd no 39G, Oğuzeli","",4.3,6
"Özkanlar Gayrimenkul","","Subaşı, Oğuzeli","",5,2
"Faruk gayrimenkul emlak inşaat","","Subaşı, Alparslan Türkeş Blv No:22, Oğuzeli","",4.7,22
"Zirve Gayrimenkul","0507 265 71 79","Eğitim, Zirve Sk., Yıldırım","",1,1
"Orhan emlak","0534 680 74 32","yeşildere mahallesi, naci çerezci caddesi no:1","","",""
"KAYA İNŞAAT, EMLAK, BRİKET, KUM, ÇİMENTO, DEMIR","0534 222 29 68","Hacar mahallesi, mustafa kemal, Atatürk bulvarı no 246, Oğuzeli","",5,1
"ÇAĞRI EMLAK","0545 434 41 59","Subaşı, Mustafa Kemal Blv. NO:17C, Oğuzeli","","",""
"utku İnşaat gayrımenkul","0537 432 24 68","Bulduk, Halk Meydanı No:8/C, Oğuzeli","","",""
"Oğuzeli Ordu Emlak-Otomotiv","0541 961 02 55","Subaşı, Mustafa Kemal Blv., Oğuzeli","","",""
"Çelikkanat Emlak","","Gürsu, Oğuzeli","","",""
"Çalikuşu Emlak","0553 473 48 18","Fırat, Kubilay Cd., Nizip","",5,20
"Sultan emlak","0551 242 18 08","Fatih Sultan, Aykut Sk. No:2, Nizip","",5,3
"UÇAROĞLU EMLAK & GAYRİMENKUL OFİSİ","0507 838 03 96","Cumhuriyet, Telgraf Sk. No:4/B, Nizip","",5,1
"Çavuş Emlak","0532 571 10 25","Mimar Sinan, Çardak Sk., Nizip","",5,1
"VATAN GAYRİMENKUL","0536 600 63 55","Mimar Sinan, Çardak Sk., Nizip","",4.7,15
"Miren Sigorta & Emlak","0542 807 39 56","Tapu Müdürlüğü Yanı, Fevzi Paşa, Dişçi Sk. No:31, Nizip","",5,619
"Konak Emlak","(0342) 518 42 88","Fatih Sultan, Nizip","",5,1
"Zengin Emlak","","Atatürk, Prof. Cahit Tanyol Cd., Nizip","",4.9,9
"Cevdet Emlak","","Mimar Sinan, Nizip","",5,1
"YUVAM EMLAK GAYRİMENKUL","0537 782 41 51","Mimar Sinan, Bayraktar Sk., Nizip","",5,2
"Canpolat emlak","0545 579 55 50","Mevlana, Kanuni Sultan Süleyman Bulvari No:100, Nizip","",4.7,13
"Demiroğlu Emlak Otomotiv","0543 487 03 37","Sultan Abdülhamit, Mustafa Kökmen Bulvari No:114, Nizip","",5,1
"Öz Çerkez Emlak","0542 772 91 64","Mimar Sinan, Manolya Sk. No:9, Nizip","",5,1
"Vizyon Emlak","0543 608 52 78","Mevlana, Bölükbaşı Sk. 34 A, Nizip","",5,1
"Emlak Ailesi","(0342) 518 37 47","Sultan Abdulhamit Mahallesi Habeş Efendi Caddesi No:70/A, Nizip","",2.5,2
"Kutan Emlak Gayrimenkul","0535 631 75 87","Mimar Sinan, Süzer Sk. No:5, Nizip","",4.4,22
"Kemal Taydaş gayrimenkul & nizipgezgini","0543 583 64 47","Şok Market Bitişiği, Mimar Sinan, Alper Sk. no:1, Nizip","https://www.instagram.com/kemaltaydasgayrimenkul/",5,13
"TAYDAŞ GAYRİMENKUL & OTOMOTİV","0545 576 33 49","Mevlana mahallesi, Belkıs Cd. no : 111, Nizip","",5,26
"Ayaz Emlak Ofisi","","Mimar Sinan, 25001. Sk, Nizip","",5,1
"Ahmet Polat","","Mimar Sinan, Endülüs Sk. No:3, Nizip","",5,1
"ÇAPAN EMLAK","0533 774 49 07","SULTN, Sultan Abdülhamit, Şimşek Sk, Nizip","",3.2,6
"KARDEŞLER ELEKTRİK & AVİZE VE AYDINLATMA NİZİP","0541 607 85 69","Mimar Sinan, Belkıs Cd. No:57/A, Nizip","",5,2
"Mahmut Yavuz","0532 732 56 68","Fatih Sultan, Karkamış Cd. 9/A, Nizip","https://www.facebook.com/profile.php?id=100007106074511",3.9,14
"Yilmaz İnşaat Ve Emlak Ofisi","","Atatürk, Fatih Sultan Mehmet Blv No:53, Nizip","","",""
"Sude Emlak Bürosu","0535 729 90 50","Fatih Sultan, Nizip","","",""
"Dünya Emlak & Auto","0543 899 13 65","Dünya Gayrimenkul, Mimar Sinan, şehit Emre Bakırcı sokak no 16A, Nizip","",4.7,15
"Mersavi Gayrimenkul","","Belkıs, Belkıs Sk. No:28, Nizip","",5,2
"Uzman Emlak","","Mimar Sinan, 25001. Sk, Nizip","",5,2
"Uğur Emlak Gayrimenkul","","Eyüp Sultan, Osmangazi Sk., Nizip","",5,1
"Milan Gayrimenkul ve Temizlik","0552 940 99 95","Eyüp Sultan, Saraybosna Sk. no:3, Nizip","",5,5
"MG Ünal Harita Mühendisliği ve Emlak Ofisi","0505 650 32 51","Mimar Sinan, Belkıs Cd. 110/D, Nizip","http://www.mgunalemlak.com/","",""
"Çalişkan Inşaat & Emlak","","Fatih Sultan, Hastane Cd. No:30, Nizip","",5,1
"YEK EMLAK & GAYRİMENKUL","0546 737 37 27","no: 16/ A, Mimar Sinan, Nizip","","",""
"Akcakoca Emlak","(0342) 517 51 18","İstasyon, Hastane Cad. 6/A, Nizip","",5,1
"Karani Emlak","0541 693 87 29","Mevlana, Nizip","",5,1
"Bahçeci Emlak","","Mevlana, Nizip","",3.4,5
"SELAMİ EMLAK NİZİP","0533 736 82 02","Fırat, Kubilay Cd. 60/B, Nizip","",3.7,3
"Uygur Gayrimenkul&İnşaat","0532 680 09 43","Fevzi Paşa, Dişçi Sk., Nizip","https://uygurgayrimenkul.sahibinden.com/",3.7,3
"Belkıs Emlak Gayrimenkul","0534 694 57 92","Atatürk, Soylu Sk. No:22, Nizip","",5,1
"UYGAR EMLAK","(0342) 230 11 14","Şıhlar, İzzet Efendi Cd. 19 A, Nizip","https://uygaremlak.sahibinden.com/",3,2
"KUZEY EMLAK","0541 389 27 29","Mimar Sinan, Bayraktar Sk. No:2, Nizip","","",""
"Emin Emlak","","Fatih Sultan, Habeş Efendi Cd., Nizip","",5,1
"Karakus Emlak","(0342) 518 37 47","Namık Kemal, Fatih Sultan Bulv. 84/B, Nizip","",3.7,3
"ÖZMELKE EMLAK","","Eyüp Sultan, Nizip","https://ozmelkeemlak.sahibinden.com/",5,2
"Çakır Gayrımenkul","0551 597 27 33","Mimar Sinan, şehit Emre bakırcı sokak no:2/A, Nizip","","",""
"Doğuş İnşaat & Gayrimenkul","0544 358 30 04","Fatih Sultan, Habeş Efendi Cd. no:15/A, Nizip","",5,7
"Kahraman Emlak ve İnşaat","0544 644 27 96","Eyüp Sultan, Saraybosna Sk. no:19, Nizip","","",""
"MELKE EMLAK","","Fatih Sultan, Şimşek Sk, Nizip","https://melkeemlak.sahibinden.com/",3.5,6
"Pakçiloğlu İnşaat","","Sultan Abdülhamit, Mustafa Kökmen Bulvari no 128/A, Nizip","",4.7,19
"Global Emlak","0505 815 72 58","Belkıs, Eski Kartamış Cad. No:10/B, Nizip","https://globalemlakgaziantep.sahibinden.com/",2.5,2
"Hakan Emlak - Otomotiv","","Fevkani, Gaziantep Cd. No:39, Nizip","",5,1
"Bariş Emlak & Otomotiv","","Mimar Sinan, İmam Hatip Cd., Nizip","",5,1
"Halk Emlak Ofisi","","Fatih Sultan, Nizip","","",""
"3M GAYRİMENKUL & AUTO","0544 481 20 81","Mimarsinan mahallesi, Mustafa Kökmen Bulvari No:3, Nizip","","",""
"baki gayrimenkul danışmanlığı","0530 341 60 27","Atatürk, Prof. Cahit Tanyol Cd. No:102, Nizip","",4.3,6
"ARTAR YAPI İNŞAAT VE MÜTEAHHİTLİK","0541 490 24 25","Atatürk, Orhan Gazi Sk. No:26, Uzunköprü","","",""
"ÖZER EMLAK","0542 807 40 12","Atatürk, Çavuşlar Sk., Nizip","","",""
"Pamuk Autove Gayrimenkul","","Atatürk, Vatan Cd., Nizip","",4,1
"Ulu Inşaat Gayrimenkul","","Mevlana, Nizip","",1,1
"Bayindirli Emlak Bürosu","","Namık Kemal, Nizip","","",""
"MSNNE TİCARET","","Karayusuflu, Şehitkamil","",5,1
"BARIŞ EMLAK","0542 227 05 24","çarşı27 iş merkezi 3/BBarış Emlak, Karataş, 103404 Nolu Cad., Şahinbey","https://barisemlakgayrimenkul.sahibinden.com/",5,14
"KA-YI EMLAK","(0342) 360 05 60","Güneykent, 216. Cd. 66/A, Şahinbey","",4.5,8
"POLATBEYLER GAYRIMENKUL","(0342) 360 33 66","a, Yeditepe, 83009. Sokak, Şahinbey","https://tr-tr.facebook.com/Polat-Beyler-Emlak-1566730510270427/",5,15
"Bezek Emlak","0532 560 72 51","Akkent Mahallesi Şehit Binbaşı Arslan Kulaksız Bulvarı Oska Gül Sitesi A-Blok Altı, Şahinbey","https://bezekemlak.sahibinden.com/",4.9,8
"AK EVİM GAYRİMENKUL & İNŞAAT KURUMSAL EMLAK DANIŞMANLIĞI","0535 284 65 01","AKKENT MAH. 134012 NOLU CAD. HASKENT 1 SİTESİ ALTI C BLOK NO:47, Şahinbey","https://akevimgayrimenkul.sahibinden.com/",5,11
"AKTİF İNŞAAT&GAYRİMENKUL","0544 657 27 27","7 Tepe Mahallesi, 85109 Nolu Sokak Yıldız Evler No:18/a B-Blok-6, Şahinbey","https://aktifgayrimenkulgaziantep.sahibinden.com/",4.9,66
"Balaban Emlak","","Karataş, 400. Cd. 54 F, Şahinbey","",5,2
"Y A Doğanpinar Emlak","","Akkent, Şahinbey","",5,1
"BİRELLİ EMLAK FİRMASI","0552 603 27 27","Akkent, 400. Cd., Şahinbey","https://birelliemlak.sahibinden.com/",4.8,28
"Asti Emlak Ltd.Şti","0531 881 25 25","Akkent Mah. Cad. No:400 No:63/B Park Teraz Evler No:13, Şahinbey","",5,8
"Fıstık Emlak Gyo","0532 779 47 74","Şahintepe, Şahinbey","",3,2
"Ataşehir Emlak Evi","(0342) 360 42 55","Bülbülzade Mahallesi 10. Cadde Su Yolu, Demirkıran Apt 146/27, Şahinbey","http://www.atasehiremlakevi.com/",4.3,17
"Bahçelievler Emlak","","Akkent, Şahinbey","",5,2
"ÖZBAĞLARBAŞI EMLAK","","Bağlarbaşı, X9QC+9C, Şahinbey","",5,1
"Ecem Emlak","(0342) 360 44 60","Bülbülzade, 136003 Nolu sokakNo13 A/A, Şahinbey","https://ecememlak.com.tr/",5,1
"MARKA-27 Gayrimenkul","0554 861 37 27","BERRA Apt. Altı Alpet petrol, Karataş Mahallesi Şehit Binbaşı Arslan Kulaksız Caddesi, Akkent parkı arası No:46/E, Şahinbey","",5,2
"OBİ DANIŞMANLIK GAYRİMENKUL","0530 861 25 27","Karataş, Şht. Binbaşı Arslan Kulaksız Blv 50/A, Şahinbey","http://obidanismanlik.sahibinden.com/",5,53
"ARSLANOĞLU GAYRİMENKUL","","Güneykent, 102260. Sk. 3/b, Şahinbey","",4.4,9
"Musabeyli Emlak","(0342) 339 12 20","Akkent Mahallesi 134012 Nolu Cadde No:30A/E MUSABEYLİ EMLAK AKKENT BALIK EVİ KARŞISI, Şahinbey","",4,4
"Profesyonel Emlak","","Yeditepe, Şahinbey","",5,1
"İnci Emlak","0533 689 48 02","Akkent, 134012. Cd. 9 b, Şahinbey","",5,1
"CVK Gayrimenkul İnşaat","0542 327 59 07","Bülbülzade mah. 136111 Nolu Cad. Eyüp Zengin Apt, No:4 B, Şahinbey","",5,3
"Nd 27 Emlak","0507 444 00 27","Bülbülzade, Su Yolu Cd. No:114 D:L, Şahinbey","https://nd27emlak.sahibinden.com/",3.2,10
"AK EMLAK GAYRİMENKUL","0534 541 26 50","Akkent, 134002 NOLU SOKAK OSKA GÜL SİTESİ ALTI NO 76, Şahinbey","https://www.akgayrimenkul.com/",5,1
"Göçmen Emlak","","Akkent, 134012. Cd., Şahinbey","",5,2
"winmax gayrimenkul","0551 723 51 85","Yeditepe Mah.216, Nolu Cd 31/a, Şahinbey","https://winmaxgayrimenkulgaziantep.sahibinden.com/",3.8,16
"EKOL GAYRİMENKUL","0532 360 99 27","ekol gayrimenkul, Bülbülzade, 13036 nolu cad Tabaroğlu apt altı no 58/d, Şahinbey","",4.9,41
"Avrasya Emlak","(0342) 371 20 02","Karataş, 103398. Sokak 398. Cd, Şahinbey","http://www.avrasyaemlak.com/",5,4
"İmza Gayrimenkul","0543 770 90 21","Bülbülzade Mahallesi 10 Nolu Cadde , No 142 , Çınarlı Konutları B Blok Altı, Şahinbey","",4.5,27
"MUSTAFA BEY GAYRİMENKUL","0505 155 02 10","Karataş, 103424. Cd. 9 C, Şahinbey","https://mustafabeygayrimenkul.sahibinden.com/",4.4,7
"NUR AYTAÇ EMLAK","(0342) 371 02 03","Karataş, 103401. Cd. No:9, Şahinbey","https://business.google.com/dashboard/l/17631697870833477342",4.4,8
"ROYALEST KARATAŞ ŞUBE","0850 550 3550","Şahintepe, 133.398 nolu cadde Sait Bulut Towers Altı 7/E, Şahinbey","http://www.royalest.com.tr/",4.9,695
"YEDİTEPE EMLAK","0535 074 34 91","Güneş, 29F3+4F, Şahinbey","http://yeditepeemlak.sahibinden.com/",5,1
"AKKENT EMLAK GAYRİMENKUL İNŞAAT MİMARLIK MÜHENDİSLİK VE YATIRIM ORTAKLIĞI","0536 844 83 00","Akkent, 134012 Nolu Cad no:18 /A/D, Şahinbey","",5,2
"V.öztürk inşaat emlak","","75. Yıl, Su Yolu Cd., Şahinbey","",3.5,2
"Mertcan Emlak","","Güneykent, 102245. Sk. No:10, Şahinbey","",4.7,3
"EV CENTER EMLAK & İNŞAAT","0545 657 27 27","SEMT, Güneykent PARK SİTESİ 398, Yeşilvadi Blv, Şahinbey","",4.6,65
"Kerim Emlak","0545 788 59 56","Yeditepe Mahallesi 85255 nolu sokak No:4/A Gaziantep Üniversite civarı, Bimin arka tarafı, Şahinbey","",4.6,5
"Emlak_city","(0342) 371 13 13","Yeditepe, 216. Cd. No:71, Şahinbey","",5,1
"Emlak Merkezi","0516 161 27 37","Şahintepe, Şahinbey","",5,1
"Gazikule inşaat Aktif Emlak","","Akkent, Özdemir Cd. No:382, Şahinbey","",3.5,13
"EKONOMİ GAYRİMENKUL VE İNŞAAT","0552 497 57 25","AY YAPI ALTI, Akkent, 134015 NOLU CADDE NO 1/D, Şahinbey","https://www.sahibinden.com/emlak?query_text_mf=EKONOM%C4%B0+GAYR%C4%B0MENKUL+VE+%C4%B0N%C5%9EAAT&query_text=EKONOM%C4%B0+GAYR%C4%B0MENKUL+VE+%C4%B0N%C5%9EAAT",5,14
"Mert Emlak 2","","Bülbülzade, Şahinbey","",4,1
"ESSA GAYRİMENKUL İNŞAAT","0541 967 27 27","Ertuğrulgazi, 189027 Nolu Cad. CERGİ PARK SİTESİ B BLOK, Şahinbey","https://essagayrimenkul.sahibinden.com/",4.3,17
"Albayram Emlak","","Bülbülzade, Şht. Oğuzhan Tekerek Cd., Şahinbey","",5,1
"ÇETİN GAYRİMENKUL İSLAHİYE","0532 171 49 24","Kırıkçalı, KÜME EVLER NO:35 İÇKAPI NO 0, İslahiye","",5,31
"İslahiye Şimşek Gayrimenkul","0544 785 06 28","yağmur apartmanı, Yeni, hatay BLV no:286 b, İslahiye","http://simsekgayrimenkul.com/",5,58
"Fed gayrimenkul Geliştirme","0507 509 26 27","Fevzi Çakmak, Talimhane Cd. No:44, İslahiye","https://instagram.com/fedgayrimenkul",5,2
"Can Emlak","0545 962 08 77","SERİNEVLER MAH. HATAY BULVARI, Kırıkçalı, Hatay yolu NO.321/A, İslahiye","",3.8,4
"Ceren Emlak","0542 275 61 87","Pınarbaşı, Atalay Erdoğan Cd. No:1, İslahiye","",4.3,4
"Simerk Emlak İnşaat Otomotiv Sanayi Ticaret Limited","0532 654 83 69","Aydınlık, Göz Cd. 37H, İslahiye","https://simerkemlak.com/",5,7
"YILDIRIM EMLAK GAYRİMENKUL","0546 906 99 22","Fevzi Çakmak, İslahiye","https://www.facebook.com/yildirim.emlak.islahiye/","",""
"Doğan Yapi","","Haci Ali Öztürk, İslahiye","","",""
"Yedipinar Emlak","","Cumhuriyet, Meteoroloji Sk., İslahiye","","",""
"Darı Gayrimenkul Emlak Yatırım","0533 729 86 86","Atatürk Ata Cad No: 63/2/B, Nurdağı","",4.4,5
"TUNCER EMLAK","0542 785 69 53","Yeni, Yavuz Selim Mahallesi, ŞEHİT EYÜP, Yeni, Aksoy Cd. NO : 15, Nurdağı","",4.9,9
"Recep Tuncer Emlak","","Fatih, Recep Tayyip Erdoğan Blv., Nurdağı","",5,2
"TURAN EMLAK","0532 658 23 06","Aslanlı, Nurdağı","","",""